City_ID,City,Lat,Lng,Max Temp,Humidity,Cloudiness,Wind Speed,Country,Date
0,vaini,-21.2,-175.2,299.24,94,40,4.12,TO,1679771978
1,salalah,17.0151,54.0924,298.56,68,41,1.16,OM,1679772170
2,safford,32.834,-109.7076,289.12,21,0,3.09,US,1679772171
3,cidreira,-30.1811,-50.2056,296.94,87,100,6.49,BR,1679772171
4,kurchum,48.5722,83.6542,271.94,67,72,0.16,KZ,1679772172
5,kapaa,22.0752,-159.319,298.33,81,100,4.63,US,1679772172
6,carahue,-38.7,-73.1667,293.4,37,2,3.82,CL,1679771928
7,bengkulu,-3.8004,102.2655,297.83,90,100,1.92,ID,1679772173
8,mataura,-46.1927,168.8643,287.3,98,99,1.03,NZ,1679772174
9,beloha,-25.1667,45.05,295.23,80,11,8.63,MG,1679772174
10,tuktoyaktuk,69.4541,-133.0374,262.15,85,75,8.23,CA,1679772096
11,freeport,40.6576,-73.5832,279.83,86,100,11.83,US,1679772175
12,rikitea,-23.1203,-134.9692,297.8,85,100,3.97,PF,1679772175
13,longyearbyen,78.2186,15.6401,255.06,60,20,4.63,SJ,1679772115
14,padang,-0.9492,100.3543,297.18,78,100,1.62,ID,1679772176
15,klaksvik,62.2266,-6.589,273.66,61,100,9.83,FO,1679772176
16,ushuaia,-54.8,-68.3,286.94,47,75,6.69,AR,1679772176
17,chokurdakh,70.6333,147.9167,237.69,100,17,1.41,RU,1679772177
18,carbonia,39.1672,8.5222,287.51,80,10,2.09,IT,1679772178
19,puerto ayora,-0.7393,-90.3518,304.13,82,75,3.13,EC,1679771932
20,jalu,29.0331,21.5482,291.03,40,0,5.57,LY,1679772178
21,hithadhoo,-0.6,73.0833,301.11,77,100,3.21,MV,1679771968
22,komsomolskiy,40.4272,71.7189,285.55,58,9,4.12,UZ,1679772179
23,baykit,61.67,96.37,271.42,96,100,3.35,RU,1679772179
24,yumen,40.2833,97.2,277.51,23,0,2.35,CN,1679772180
25,namibe,-15.1961,12.1522,296.92,73,83,4.13,AO,1679772180
26,makakilo city,21.3469,-158.0858,298.4,70,0,4.63,US,1679772180
27,bluff,-46.6,168.3333,287.48,70,100,10.69,NZ,1679772181
28,jamestown,42.097,-79.2353,283.92,95,100,8.75,US,1679772089
29,nokaneng,-19.6667,22.2667,294.9,78,74,2.78,BW,1679772182
30,virginia beach,36.8529,-75.978,298.16,63,100,5.66,US,1679772130
31,shingu,33.7333,135.9833,287.26,93,100,4.2,JP,1679772183
32,yongchang,30.0381,119.7317,279.41,93,100,0.62,CN,1679772183
33,busselton,-33.65,115.3333,291.43,78,100,6.75,AU,1679772184
34,maldonado,-34.6667,-54.9167,293.83,97,100,3.31,UY,1679772132
35,chuy,-33.6971,-53.4616,293.39,96,100,3.49,UY,1679772185
36,carnarvon,-24.8667,113.6333,296.47,79,6,7.23,AU,1679772186
37,dikson,73.5069,80.5464,254.27,98,100,3.08,RU,1679772186
38,nanortalik,60.1432,-45.2371,271.31,76,49,1.35,GL,1679772187
39,vardo,70.3705,31.1107,266.14,68,75,5.14,NO,1679772188
40,camacha,33.0833,-16.3333,289.83,72,40,4.12,PT,1679772189
41,bambous virieux,-20.3428,57.7575,299.29,83,40,2.57,MU,1679772189
42,thompson,55.7435,-97.8558,266.24,53,75,2.06,CA,1679772189
43,kodiak,57.79,-152.4072,276.88,70,75,5.66,US,1679772190
44,inta,66.0317,60.1659,264.57,87,100,3.99,RU,1679772191
45,la ronge,55.1001,-105.2842,268.29,36,75,2.06,CA,1679772191
46,sikonge,-5.6333,32.7667,291.53,91,45,1.42,TZ,1679772192
47,upernavik,72.7868,-56.1549,249.56,87,17,2.53,GL,1679772192
48,manta,-0.95,-80.7333,301.39,71,14,3.01,EC,1679772193
49,san lorenzo,-25.3333,-57.5333,305.7,49,75,3.6,PY,1679772194
50,tasiilaq,65.6145,-37.6368,264.24,92,100,2.68,GL,1679771998
51,port hedland,-20.3167,118.5667,300.18,94,88,2.57,AU,1679772195
52,torbay,47.6666,-52.7314,274.54,96,100,14.4,CA,1679772195
53,albany,42.6001,-73.9662,276.05,88,100,0.89,US,1679771950
54,lebu,-37.6167,-73.65,288.03,68,5,9.78,CL,1679772196
55,esperance,-33.8667,121.9,291.59,89,100,6.27,AU,1679772066
56,mar del plata,-38.0023,-57.5575,298.16,69,75,5.14,AR,1679771921
57,bubaque,11.2833,-15.8333,298.5,73,0,9.47,GW,1679772197
58,salinopolis,-0.6136,-47.3561,300.7,75,20,2.15,BR,1679772198
59,mihalyi,47.5138,17.0951,283.25,61,97,4.22,HU,1679772199
60,zhigansk,66.7697,123.3711,264.33,96,100,3.41,RU,1679772199
61,nampula,-15.1165,39.2666,298.12,88,75,3.6,MZ,1679772200
62,hilo,19.7297,-155.09,299.42,84,75,4.12,US,1679772200
63,bredasdorp,-34.5322,20.0403,291.26,80,4,7.04,ZA,1679772201
64,kupang,-10.1667,123.5833,298.13,87,47,1.92,ID,1679772201
65,espanola,35.9911,-106.0806,280.53,17,12,5.95,US,1679772202
66,hakkari,37.5833,44.1667,278.03,81,75,1.03,TR,1679772202
67,hobyo,5.3505,48.5268,301.55,66,24,5.63,SO,1679772203
68,sabang,5.8933,95.3214,301.13,75,99,3.26,ID,1679772204
69,esso,55.9333,158.7,251.33,92,91,3.99,RU,1679772204
70,new norfolk,-42.7826,147.0587,282.43,72,12,1.2,AU,1679771957
71,pevek,69.7008,170.3133,254.91,93,100,0.9,RU,1679772205
72,lyuban,52.7985,28.0048,282.07,86,100,1.41,BY,1679772206
73,abalak,58.1286,68.5944,275.95,94,100,3.78,RU,1679772207
74,margate,51.3813,1.3862,283.65,76,100,2.24,GB,1679772208
75,scarborough,54.2797,-0.4044,278.91,87,99,0.45,GB,1679772072
76,pisco,-13.7,-76.2167,302.18,54,0,8.75,PE,1679772036
77,qaanaaq,77.484,-69.3632,251.63,70,0,2.03,GL,1679772209
78,iqaluit,63.7506,-68.5145,259.0,84,100,1.03,CA,1679771914
79,mahon,39.8885,4.2658,286.46,88,0,2.06,ES,1679772210
80,lompoc,34.6391,-120.4579,290.25,53,0,7.2,US,1679772034
81,castro,-24.7911,-50.0119,297.62,72,100,3.36,BR,1679772009
82,ketchikan,55.3422,-131.6461,278.64,64,52,1.73,US,1679772211
83,punta arenas,-53.15,-70.9167,286.21,50,0,15.95,CL,1679772212
84,aquiraz,-3.9014,-38.3911,303.2,76,27,3.28,BR,1679772212
85,talnakh,69.4865,88.3972,256.91,93,100,2.74,RU,1679772213
86,najran,17.4924,44.1277,299.51,32,6,4.6,SA,1679772213
87,chauk,20.8833,94.8167,300.11,41,5,1.65,MM,1679772214
88,smithers,54.7804,-127.1743,276.33,56,40,2.57,CA,1679772214
89,zemio,5.0314,25.1361,296.11,80,91,1.16,CF,1679772215
90,atuona,-9.8,-139.0333,300.08,76,45,6.24,PF,1679772215
91,portland,45.5234,-122.6762,279.6,87,75,2.68,US,1679772080
92,ewa beach,21.3156,-158.0072,299.18,70,0,4.63,US,1679772216
93,nueva guinea,11.6876,-84.4562,300.63,68,56,6.66,NI,1679772217
94,kaitangata,-46.2817,169.8464,284.24,76,100,3.33,NZ,1679772217
95,koslan,63.4564,48.8989,274.55,99,100,5.23,RU,1679772218
96,ziro,27.6333,93.8333,280.45,93,89,0.61,IN,1679771949
97,ponta do sol,32.6667,-17.1,294.1,79,100,3.01,PT,1679772218
98,butaritari,3.0707,172.7902,299.98,82,100,7.55,KI,1679772219
99,inhambane,-23.865,35.3833,296.94,87,36,4.11,MZ,1679772219
100,pandrup,57.2215,9.6757,279.79,100,100,2.57,DK,1679772220
101,souillac,-20.5167,57.5167,299.36,83,40,2.57,MU,1679772220
102,talcahuano,-36.7167,-73.1167,294.97,49,0,8.23,CL,1679771929
103,mount isa,-20.7333,139.5,292.02,88,5,0.0,AU,1679772221
104,provideniya,64.3833,-173.3,271.39,99,100,8.35,RU,1679772221
105,kouango,4.9934,19.9619,296.24,87,100,2.0,CF,1679772222
106,vavoua,7.3819,-6.4778,302.39,48,82,1.75,CI,1679772222
107,erenhot,43.6475,111.9767,270.21,20,63,3.7,CN,1679772223
108,pangai,-19.8,-174.35,300.24,83,73,6.51,TO,1679772223
109,coquimbo,-29.9533,-71.3436,294.0,73,75,3.6,CL,1679772224
110,bedi,22.5,70.05,297.31,66,0,5.51,IN,1679772224
111,victoria,22.2855,114.1577,295.34,93,100,4.92,HK,1679772225
112,hobart,-42.8794,147.3294,282.62,90,20,4.12,AU,1679771982
113,nkowakowa,-23.8878,30.2871,294.34,60,16,1.53,ZA,1679772225
114,bahir dar,11.5936,37.3908,298.59,23,93,5.0,ET,1679772226
115,cayenne,4.9333,-52.3333,302.17,65,100,5.14,GF,1679772168
116,jambusar,22.05,72.8,298.06,57,0,3.1,IN,1679771970
117,nioro,13.35,-15.75,304.78,31,4,6.39,GM,1679772226
118,touros,-5.1989,-35.4608,301.53,70,80,3.96,BR,1679772227
119,mendoza,-32.8908,-68.8272,298.89,47,40,3.6,AR,1679772227
120,georgetown,5.4112,100.3354,299.79,89,20,2.06,MY,1679771991
121,kundiawa,-6.0167,144.9667,289.76,98,100,0.51,PG,1679772228
122,dinghai,26.2847,119.7936,283.66,89,100,4.77,CN,1679772229
123,toora-khem,52.4675,96.11,262.54,97,58,0.74,RU,1679772229
124,hermanus,-34.4187,19.2345,289.71,87,10,6.14,ZA,1679772230
125,katsuura,35.1333,140.3,287.79,85,100,4.32,JP,1679772232
126,rawson,-43.3002,-65.1023,289.32,42,0,4.7,AR,1679772055
127,soddy-daisy,35.2359,-85.1908,300.38,42,20,6.64,US,1679772233
128,east london,-33.0153,27.9116,295.43,88,100,3.46,ZA,1679771995
129,barrow,71.2906,-156.7887,254.16,78,20,6.69,US,1679772233
130,clyde river,70.4692,-68.5914,248.28,77,100,1.03,CA,1679772234
131,fez,34.0372,-4.9998,295.29,35,0,3.09,MA,1679771958
132,yar-sale,66.8333,70.8333,250.33,97,85,1.85,RU,1679772234
133,mlowo,-9.0,32.9833,288.3,97,99,1.45,TZ,1679772235
134,tongren,27.7172,109.1853,281.8,92,79,1.28,CN,1679772235
135,ponta delgada,37.7333,-25.6667,288.55,94,75,5.14,PT,1679772236
136,vrangel,42.7297,133.0839,274.21,67,100,2.24,RU,1679772236
137,armizonskoye,55.9461,67.6736,274.28,88,100,5.84,RU,1679772237
138,sena madureira,-9.0656,-68.6569,300.41,74,99,1.0,BR,1679772237
139,yellowknife,62.456,-114.3525,253.44,50,20,3.6,CA,1679772238
140,geraldton,-28.7667,114.6,290.38,94,7,3.6,AU,1679771959
141,husavik,66.0449,-17.3389,268.9,89,100,3.85,IS,1679772238
142,auki,-8.7676,160.7034,297.88,82,97,1.44,SB,1679772239
143,khatanga,71.9667,102.5,256.45,89,100,6.3,RU,1679771962
144,khandyga,62.6667,135.6,247.14,100,100,1.09,RU,1679772240
145,adrar,20.5022,-10.0711,303.1,10,84,4.86,MR,1679772240
146,hervey bay,-25.2986,152.8535,297.2,76,39,2.5,AU,1679772085
147,murmino,54.6036,40.0544,282.75,93,100,6.11,RU,1679772241
148,kota belud,6.351,116.4305,297.56,91,96,1.5,MY,1679772242
149,fort nelson,58.8053,-122.7002,274.92,86,75,2.24,CA,1679772242
150,dom pedrito,-30.9828,-54.6731,295.94,96,97,4.57,BR,1679772242
151,saint-philippe,-21.3585,55.7679,298.92,85,47,4.06,RE,1679771974
152,belmonte,-15.8631,-38.8828,299.43,83,100,2.28,BR,1679772243
153,mahebourg,-20.4081,57.7,299.31,83,40,2.57,MU,1679772244
154,quatre cocos,-20.2078,57.7625,299.21,81,65,4.59,MU,1679772244
155,banda aceh,5.5577,95.3222,299.46,82,100,2.64,ID,1679772244
156,arkhara,49.4212,130.0842,269.06,72,100,0.55,RU,1679772249
157,cape town,-33.9258,18.4232,291.97,92,40,2.57,ZA,1679772243
158,saint-paul,-21.0096,55.2707,299.21,93,44,0.45,RE,1679772242
159,westerland,54.9079,8.3033,280.38,93,100,5.14,DE,1679772253
160,isabela,6.7085,121.9711,299.66,81,98,0.51,PH,1679772257
161,arraial do cabo,-22.9661,-42.0278,301.13,78,20,5.14,BR,1679772261
162,dovolnoye,54.4958,79.6671,273.67,98,100,4.62,RU,1679772262
163,hami,42.8,93.45,282.13,21,0,4.01,CN,1679772263
164,mount gambier,-37.8333,140.7667,282.94,87,100,2.03,AU,1679772088
165,saskylakh,71.9167,114.0833,257.03,92,99,4.37,RU,1679772264
166,qasigiannguit,68.8193,-51.1922,263.29,94,12,1.24,GL,1679772264
167,tiksi,71.6872,128.8694,250.78,100,97,2.25,RU,1679772265
168,panjab,34.388,67.0233,271.86,89,54,0.73,AF,1679772266
169,porto empedocle,37.2934,13.5264,287.55,71,0,3.68,IT,1679772266
170,daru,-9.0763,143.2092,298.57,86,66,2.14,PG,1679772267
171,east grinstead,51.1238,-0.0061,284.27,72,0,4.63,GB,1679772269
172,shahreza,32.0339,51.8794,286.22,47,58,1.77,IR,1679772270
173,beringovskiy,63.05,179.3167,271.53,89,27,8.49,RU,1679772271
174,kavaratti,10.5669,72.642,300.7,71,100,3.58,IN,1679772271
175,lagoa,39.05,-27.9833,287.66,86,100,10.01,PT,1679772272
176,tankhoy,51.5528,105.1306,270.71,82,100,1.53,RU,1679772273
177,altay,47.8667,88.1167,271.6,62,39,3.46,CN,1679772275
178,kruisfontein,-34.0033,24.7314,291.42,73,0,1.04,ZA,1679772275
179,bilma,18.6853,12.9164,297.31,16,91,2.23,NE,1679772276
180,chicama,-7.8447,-79.1469,302.45,53,4,5.52,PE,1679772277
181,kolosovka,56.4678,73.611,273.75,92,100,5.74,RU,1679772278
182,tel aviv-yafo,32.0805,34.7805,292.1,81,0,2.57,IL,1679772279
183,conde,-7.2597,-34.9075,301.85,74,75,5.66,BR,1679772280
184,rabaul,-4.1967,152.1721,299.21,78,61,1.15,PG,1679772281
185,nikolskoye,59.7035,30.7861,275.09,90,81,1.83,RU,1679772282
186,asau,46.4333,26.4,287.75,71,100,2.57,RO,1679772282
187,flinders,-34.5833,150.8552,291.14,87,99,0.89,AU,1679772283
188,ubinskoye,55.3068,79.6802,273.81,96,100,5.33,RU,1679772284
189,severo-kurilsk,50.6789,156.125,269.36,70,93,13.53,RU,1679772284
190,santa fe,-31.6333,-60.7,302.05,57,31,4.92,AR,1679772285
191,quepos,9.4236,-84.1652,302.98,63,25,3.48,CR,1679772285
192,sirnak,37.5228,42.4594,281.19,68,94,2.41,TR,1679772286
193,sao raimundo das mangabeiras,-7.0219,-45.4811,301.65,66,100,1.5,BR,1679772286
194,lasa,46.6166,10.7002,282.24,83,85,2.08,IT,1679772287
195,pokosnoye,55.5258,101.0536,267.47,97,100,1.77,RU,1679772287
196,sambava,-14.2667,50.1667,297.9,90,100,3.44,MG,1679772288
197,kabo,7.6994,18.629,298.54,67,100,1.4,CF,1679772288
198,atherton,53.5237,-2.4935,283.42,73,10,0.45,GB,1679772289
199,kaeo,-35.1,173.7833,286.48,87,10,1.11,NZ,1679772289
200,san cristobal,7.7669,-72.225,297.25,33,82,1.67,VE,1679772290
201,muncar,-8.4333,114.3333,297.21,91,100,1.11,ID,1679772290
202,haines junction,60.7522,-137.5108,269.12,54,100,5.66,CA,1679772291
203,sunbury,-37.5833,144.7333,285.76,84,40,0.0,AU,1679772291
204,nelson,-41.2833,173.2833,286.64,89,44,1.34,NZ,1679772093
205,alanya,36.5438,31.9998,286.22,69,0,3.6,TR,1679771861
206,jacareacanga,-6.2222,-57.7528,303.7,59,26,1.74,BR,1679772292
207,cabo san lucas,22.8909,-109.9124,299.76,44,40,2.57,MX,1679772292
208,gat,31.61,34.7642,291.38,100,86,2.61,IL,1679772293
209,eirunepe,-6.6603,-69.8736,300.78,85,42,1.39,BR,1679772293
210,itarema,-2.9248,-39.9167,300.76,79,73,3.88,BR,1679772294
211,kahului,20.8947,-156.47,300.35,72,20,7.2,US,1679772294
212,rafai,4.95,23.9167,295.11,84,18,1.32,CF,1679772294
213,sao joao da barra,-21.6403,-41.0511,303.2,72,9,5.49,BR,1679772063
214,faanui,-16.4833,-151.75,300.83,73,59,3.21,PF,1679772295
215,mabopane,-25.4977,28.1007,293.52,59,99,2.04,ZA,1679772296
216,rio bravo,25.9833,-98.1,307.03,20,40,5.14,MX,1679772296
217,bathsheba,13.2167,-59.5167,302.49,58,40,9.26,BB,1679772297
218,shihezi,44.3,86.0333,280.59,40,0,0.5,CN,1679772297
219,kyren,51.6828,102.1408,267.73,80,85,0.94,RU,1679772297
220,nishihara,26.1842,127.7558,292.18,97,75,6.69,JP,1679772298
221,port alfred,-33.5906,26.891,294.6,81,28,2.48,ZA,1679772006
222,chateauroux,46.8167,1.7,283.15,76,0,3.09,FR,1679772299
223,san quintin,30.4833,-115.95,288.36,61,0,8.26,MX,1679772300
224,pundaguitan,6.3711,126.1689,300.49,78,15,6.67,PH,1679772301
225,port elizabeth,-33.918,25.5701,292.65,81,0,1.54,ZA,1679772302
226,sao felix do xingu,-6.6447,-51.995,299.82,84,86,1.44,BR,1679772303
227,nadym,65.5333,72.5167,252.89,100,32,1.75,RU,1679772303
228,port-cartier,50.0334,-66.8654,274.68,82,63,1.77,CA,1679772061
229,vila franca do campo,37.7167,-25.4333,288.38,91,100,3.17,PT,1679772304
230,taicheng,38.731,113.228,273.35,43,1,0.72,CN,1679772304
231,lata,40.1629,-8.3327,289.22,90,70,1.68,PT,1679772305
232,marsa matruh,31.3525,27.2453,290.26,77,40,6.69,EG,1679772305
233,gweta,-20.1833,25.2333,299.96,51,100,2.52,BW,1679772306
234,adana,36.985,35.2881,288.16,72,0,2.57,TR,1679772306
235,guerrero negro,27.9769,-114.0611,289.66,57,31,9.56,MX,1679772307
236,broome,42.2506,-75.833,277.85,84,100,10.29,US,1679772307
237,san patricio,28.017,-97.5169,304.19,17,0,5.61,US,1679772104
238,vanavara,60.34,102.2797,262.61,98,90,2.33,RU,1679772308
239,manicore,-5.8092,-61.3003,300.81,86,76,1.16,BR,1679772308
240,neiafu,-18.65,-173.9833,300.53,89,40,4.12,TO,1679772309
241,pacific grove,36.6177,-121.9166,288.45,56,0,4.02,US,1679772012
242,cherskiy,68.75,161.3,253.63,98,100,2.35,RU,1679772309
243,hualmay,-11.0964,-77.6139,299.62,67,86,4.53,PE,1679772310
244,angoche,-16.2325,39.9086,297.87,91,100,2.93,MZ,1679772310
245,brighton,50.8284,-0.1395,283.94,88,40,5.14,GB,1679772030
246,bethel,41.3712,-73.414,277.88,83,100,3.13,US,1679772311
247,norman wells,65.282,-126.8329,266.17,63,100,1.54,CA,1679772312
248,road town,18.4167,-64.6167,302.2,57,40,5.14,VG,1679772054
249,avarua,-21.2078,-159.775,297.18,94,100,2.06,CK,1679772313
250,lavrentiya,65.5833,-171.0,263.09,94,100,6.78,RU,1679772313
251,castelnau-le-lez,43.6333,3.9,286.88,78,0,6.69,FR,1679772314
252,zaidpur,26.8333,81.3333,295.19,41,0,2.04,IN,1679772315
253,agadez,19.75,10.25,295.5,12,2,3.41,NE,1679772315
254,narsaq,60.9167,-46.05,274.27,69,8,0.38,GL,1679772315
255,muroto,33.2833,134.15,287.28,91,100,7.78,JP,1679772049
256,airai,-8.9266,125.4092,288.05,93,98,0.6,TL,1679772316
257,bac lieu,9.285,105.7244,298.59,76,7,1.69,VN,1679772317
258,alofi,-19.0595,-169.9187,298.09,100,75,1.54,NU,1679772079
259,avera,33.194,-82.5271,297.18,56,55,6.49,US,1679772319
260,aykhal,66.0,111.5,252.03,97,5,3.0,RU,1679772319
261,terebovlya,49.3019,25.71,281.34,87,95,4.67,UA,1679772320
262,saint george,37.1041,-113.5841,283.39,27,0,2.24,US,1679772054
263,lisala,2.15,21.5167,294.81,98,89,0.52,CD,1679772320
264,conchas,-23.0153,-48.0106,302.54,55,22,1.62,BR,1679772321
265,dayong,25.0209,118.2898,288.78,97,100,1.46,CN,1679772322
266,campbell river,50.0163,-125.2446,280.62,75,75,3.09,CA,1679772261
267,ribeira grande,38.5167,-28.7,289.37,82,75,9.39,PT,1679772323
268,lagunas,-5.2269,-75.6753,299.44,82,100,1.14,PE,1679772187
269,waddan,29.1614,16.139,292.13,22,0,1.75,LY,1679772324
270,kudahuvadhoo,2.6708,72.8944,300.73,77,0,2.37,MV,1679772324
271,hovd,48.0056,91.6419,271.04,38,7,0.72,MN,1679772325
272,college,64.8569,-147.8028,263.82,65,75,1.54,US,1679772326
273,prigorodnyy,51.7661,55.2665,274.24,93,100,2.0,RU,1679772326
274,matagami,49.7502,-77.6328,279.21,26,0,6.17,CA,1679772327
275,boa vista,2.8197,-60.6733,307.14,40,40,2.57,BR,1679772328
276,bom conselho,-9.1697,-36.6797,299.21,61,100,6.63,BR,1679772169
277,hofn,64.2539,-15.2082,271.56,74,100,4.79,IS,1679772109
278,sudak,44.85,34.9667,282.81,91,71,2.07,UA,1679772329
279,bilibino,68.0546,166.4372,253.67,95,100,2.69,RU,1679772329
280,port hardy,50.6996,-127.4199,279.25,81,75,5.66,CA,1679772329
281,fortuna,40.5982,-124.1573,281.29,90,75,0.89,US,1679772330
282,alpine,32.835,-116.7664,288.52,57,40,2.57,US,1679772279
283,boende,-0.2167,20.8667,296.79,80,44,0.92,CD,1679772331
284,hamilton,39.1834,-84.5333,287.64,61,75,10.8,US,1679772331
285,morbach,49.8167,7.1167,280.85,78,40,7.72,DE,1679772332
286,codrington,-38.2667,141.9667,284.03,83,100,3.15,AU,1679772091
287,tete,-16.1564,33.5867,296.2,88,20,0.0,MZ,1679772332
288,nouakchott,18.0858,-15.9785,300.11,61,2,5.11,MR,1679772333
289,tessalit,20.1986,1.0114,302.59,12,1,5.03,ML,1679772333
290,bukachacha,52.9833,116.9167,257.13,100,100,0.26,RU,1679772334
291,muros,42.7762,-9.0603,287.09,91,100,4.61,ES,1679772334
292,barra do garcas,-15.89,-52.2567,307.47,55,40,2.06,BR,1679772046
293,kirkwall,58.9848,-2.9587,277.18,70,20,6.17,GB,1679772335
294,fukue,32.6881,128.8419,285.94,88,100,10.38,JP,1679772336
295,kontagora,10.3999,5.4695,302.97,43,100,4.4,NG,1679772337
296,hun,29.1268,15.9477,292.4,21,0,1.81,LY,1679772337
297,kwekwe,-18.9281,29.8149,293.1,64,25,3.86,ZW,1679772337
298,tecoanapa,16.5167,-98.75,301.68,62,0,4.83,MX,1679772077
299,ossora,59.2353,163.0719,256.73,76,100,3.25,RU,1679772338
300,ahipara,-35.1667,173.1667,287.42,85,71,1.8,NZ,1679772338
301,sitka,57.0531,-135.33,277.09,87,100,2.06,US,1679772339
302,konya,38.1667,32.5,279.86,53,0,0.82,TR,1679772339
303,kendari,-3.945,122.4989,297.15,94,100,1.73,ID,1679772057
304,vao,-22.6667,167.4833,298.07,86,99,5.42,NC,1679772340
305,thinadhoo,0.5333,72.9333,300.96,75,62,2.12,MV,1679772341
306,beyneu,45.3167,55.2,288.56,20,100,4.02,KZ,1679772341
307,vestmannaeyjar,63.4427,-20.2734,275.09,53,97,2.26,IS,1679772341
308,dong hoi,17.4833,106.6,296.44,96,61,1.77,VN,1679772342
309,terney,45.0503,136.6092,271.58,72,74,2.2,RU,1679772342
310,mansoa,12.0733,-15.3189,303.26,38,0,5.17,GW,1679772343
311,bujaru,-1.515,-48.0447,299.93,92,63,1.53,BR,1679772343
312,marzuq,14.4,46.4667,297.19,67,100,3.96,YE,1679772344
313,islamkot,24.6997,70.177,297.52,55,0,4.3,PK,1679772345
314,machiques,10.0644,-72.545,308.4,30,83,4.08,VE,1679772345
315,deputatskiy,69.3,139.9,254.8,94,100,2.35,RU,1679772346
316,pangnirtung,66.1451,-65.7125,262.15,48,100,2.57,CA,1679772347
317,fernley,39.608,-119.2518,278.52,34,12,3.74,US,1679772347
318,shenkursk,62.1091,42.896,276.07,97,100,4.77,RU,1679772348
319,sur,22.5667,59.5289,297.32,65,0,2.56,OM,1679772348
320,key west,24.5557,-81.7826,302.15,69,0,6.69,US,1679772349
321,hasaki,35.7333,140.8333,283.37,77,100,6.07,JP,1679772349
322,qaqortoq,60.7167,-46.0333,270.4,73,12,0.67,GL,1679772125
323,banjar,-8.19,114.9675,298.38,87,100,1.16,ID,1679772350
324,san ramon,37.7799,-121.978,286.66,41,0,5.66,US,1679772208
325,nakamura,32.9833,132.9333,286.69,98,100,1.38,JP,1679772350
326,kosh-agach,50.0,88.6667,259.59,82,82,1.57,RU,1679772351
327,the pas,53.8251,-101.2541,269.16,50,0,3.6,CA,1679772351
328,mahibadhoo,3.7833,72.9667,300.96,76,0,2.56,MV,1679772352
329,lorengau,-2.0226,147.2712,299.96,72,97,1.87,PG,1679772352
330,olafsvik,64.8945,-23.7142,271.22,64,85,5.68,IS,1679772353
331,kirakira,-10.4544,161.9205,298.5,81,99,2.35,SB,1679772353
332,mezen,65.8522,44.24,267.96,95,100,4.65,RU,1679772353
333,drahovo,48.2357,23.5491,279.62,92,38,0.75,UA,1679772354
334,kavieng,-2.5744,150.7967,300.19,77,96,3.04,PG,1679772058
335,sarmizegetusa,45.5167,22.7833,281.52,88,91,1.32,RO,1679772355
336,arlit,18.7369,7.3853,298.77,9,1,7.18,NE,1679772355
337,praia,14.9215,-23.5087,296.45,60,75,4.63,CV,1679772356
338,camopi,3.1655,-52.3158,298.08,95,93,1.72,GF,1679772356
339,groa,62.65,8.7167,264.41,74,0,3.05,NO,1679772356
340,ugoofaaru,5.6667,73.0,300.99,74,0,2.67,MV,1679772357
341,karratha,-20.7377,116.8463,301.53,72,100,2.21,AU,1679772358
342,port-gentil,-0.7193,8.7815,301.13,83,40,4.63,GA,1679772195
343,narovchat,53.8765,43.6946,283.79,87,100,6.45,RU,1679772358
344,tigil,57.8,158.6667,261.45,90,100,7.26,RU,1679772359
345,dingle,10.9995,122.6711,297.46,92,100,3.24,PH,1679772359
346,zavoronezhskoye,52.8801,40.5526,282.0,88,100,4.16,RU,1679772360
347,ilulissat,69.2167,-51.1,263.16,52,20,4.12,GL,1679772360
348,sarakhs,36.5449,61.1577,289.03,20,11,0.88,IR,1679772360
349,chhabra,24.6667,76.8333,296.45,33,0,2.96,IN,1679772361
350,kutum,14.2,24.6667,296.75,24,2,9.16,SD,1679772361
351,santa elena,-2.2333,-80.85,301.9,79,40,4.12,EC,1679772362
352,comodoro rivadavia,-45.8667,-67.5,294.07,16,0,4.12,AR,1679772362
353,harper,4.375,-7.7169,299.82,83,100,2.03,LR,1679772363
354,san rafael,-34.6177,-68.3301,299.03,27,49,6.26,AR,1679772363
355,salvacion,7.9833,126.1333,295.79,98,65,0.23,PH,1679772364
356,esna,25.2934,32.554,295.16,44,0,8.81,EG,1679772364
357,palaikastron,35.2,26.25,287.87,77,0,4.0,GR,1679772365
358,troitskiy,57.0603,63.7481,277.07,96,100,3.61,RU,1679772365
359,yegros,-26.45,-56.4,305.34,47,100,2.72,PY,1679772365
360,vostochnyy,55.8167,37.8667,282.11,97,100,2.23,RU,1679772366
361,crowley,30.2141,-92.3746,303.2,47,0,2.15,US,1679772366
362,chara,56.9064,118.2631,256.64,66,46,0.83,RU,1679772367
363,raudeberg,61.9875,5.1352,274.74,58,2,11.84,NO,1679772368
364,dunda,-8.1167,34.25,290.87,95,19,0.66,TZ,1679772369
365,plettenberg bay,-34.0527,23.3716,293.07,70,41,3.45,ZA,1679772369
366,ostrovnoy,68.0531,39.5131,267.06,70,100,4.97,RU,1679772370
367,saldanha,-33.0117,17.9442,292.18,88,0,3.72,ZA,1679772370
368,tuatapere,-46.1333,167.6833,282.88,84,85,1.85,NZ,1679772371
369,abu samrah,35.3029,37.1841,286.44,80,100,7.67,SY,1679772371
370,terneuzen,51.2809,3.8392,283.76,79,98,4.47,NL,1679772372
371,ofaqim,31.3141,34.6203,291.32,79,68,3.84,IL,1679772373
372,korem,12.5058,39.5228,287.51,84,100,1.6,ET,1679772373
373,lazaro cardenas,17.9583,-102.2,301.49,57,70,4.86,MX,1679772374
374,bundaberg,-24.85,152.35,294.38,99,52,0.89,AU,1679772374
375,roebourne,-20.7833,117.1333,302.08,70,100,2.26,AU,1679772375
376,mogadishu,2.0371,45.3438,300.95,80,1,6.76,SO,1679772085
377,yanam,16.7333,82.2167,297.74,90,83,1.62,IN,1679772376
378,karema,-6.8205,30.4389,294.58,89,92,1.41,TZ,1679772376
379,chokwe,-24.5333,32.9833,296.48,83,5,2.85,MZ,1679772377
380,sorland,67.667,12.6934,270.07,59,90,9.08,NO,1679772377
381,pangody,65.85,74.4859,251.43,100,69,1.98,RU,1679772378
382,beidao,34.5686,105.8933,282.5,66,100,1.01,CN,1679772378
383,caravelas,-17.7125,-39.2481,301.48,68,99,3.82,BR,1679772379
384,laguna,38.421,-121.4238,287.31,41,0,8.75,US,1679772379
385,chumphon,10.3333,98.8333,293.98,94,53,0.78,TH,1679772380
386,gizo,-8.103,156.8419,300.32,74,100,2.09,SB,1679772380
387,sainte-claire,46.6006,-70.8649,274.9,95,100,4.48,CA,1679772381
388,chala,-7.5833,31.2667,287.21,94,90,0.95,TZ,1679772382
389,dniprorudne,47.3817,34.9765,282.49,86,78,5.43,UA,1679772382
390,luderitz,-26.6481,15.1594,291.14,91,10,3.82,NA,1679772383
391,aberystwyth,52.4155,-4.0829,282.53,90,100,2.86,GB,1679772383
392,alta floresta,-9.8756,-56.0861,300.09,87,22,1.66,BR,1679772384
393,hay river,60.8156,-115.7999,255.13,65,20,3.6,CA,1679772385
394,sungairaya,0.7,108.9,297.78,88,100,1.36,ID,1679772385
395,batemans bay,-35.7167,150.1833,291.54,93,100,1.46,AU,1679772341
396,meulaboh,4.1363,96.1285,298.16,88,100,1.65,ID,1679772386
397,mutsu,41.2894,141.2169,277.97,88,82,2.54,JP,1679772386
398,prince rupert,54.3161,-130.3201,279.98,75,75,4.63,CA,1679772387
399,sao joao dos patos,-6.495,-43.7022,301.56,60,100,1.55,BR,1679772389
400,arona,28.0996,-16.681,296.99,42,0,8.75,ES,1679772248
401,kodinsk,58.6881,99.1844,264.76,99,100,1.89,RU,1679772389
402,cap malheureux,-19.9842,57.6142,298.41,77,20,1.34,MU,1679772390
403,totness,5.8833,-56.3167,301.05,64,22,5.03,SR,1679772391
404,arawa,-6.2132,155.5367,297.08,88,100,1.06,PG,1679772391
405,gornopravdinsk,60.05,69.9,274.64,100,100,1.21,RU,1679772392
406,selma,36.5708,-119.6121,286.6,68,40,1.54,US,1679772393
407,sanford,28.8006,-81.2731,307.12,50,40,6.69,US,1679772394
408,moussoro,13.6408,16.4901,300.98,17,100,3.76,TD,1679772395
409,trelew,-43.249,-65.3051,291.9,31,0,3.69,AR,1679772395
410,monywa,22.1167,95.1333,300.9,30,3,1.45,MM,1679772396
411,turukhansk,65.8167,87.9833,272.43,97,100,6.98,RU,1679772396
412,manokwari,-0.8667,134.0833,298.27,85,100,4.2,ID,1679772114
413,quelimane,-17.8786,36.8883,296.39,96,22,1.36,MZ,1679772397
414,muzhi,65.3667,64.6667,259.08,97,100,2.32,RU,1679772397
415,leningradskiy,69.3833,178.4167,256.45,92,100,6.23,RU,1679772398
416,copparo,44.893,11.8249,289.27,46,28,1.21,IT,1679772398
417,malinovoye ozero,51.6753,79.7825,273.11,82,16,3.02,RU,1679772399
418,shibetsu,43.659,145.132,273.85,88,100,4.21,JP,1679772399
419,magadan,59.5667,150.8,248.3,75,27,2.02,RU,1679772400
420,ko samui,9.5357,99.9357,300.87,70,0,4.77,TH,1679772220
421,ankazoabo,-22.2833,44.5167,297.95,65,92,4.03,MG,1679772401
422,isangel,-19.55,169.2667,298.74,88,100,4.13,VU,1679772401
423,odesskoye,54.2111,72.9651,272.88,92,98,5.32,RU,1679772402
424,khani,41.9563,42.9566,278.91,85,100,2.24,GE,1679772403
425,blind river,46.1834,-82.9582,273.2,95,100,7.27,CA,1679772403
426,bandiagara,14.3501,-3.6104,303.72,8,2,3.87,ML,1679772404
427,taltal,-25.4,-70.4833,295.65,73,2,2.13,CL,1679772404
428,maple creek,49.9168,-109.4848,273.18,69,73,1.54,CA,1679772405
429,santa cruz de la palma,28.6835,-17.7642,297.23,29,0,5.66,ES,1679772405
430,sarankhola,22.3082,89.7897,296.56,87,0,1.99,BD,1679772406
431,sokolka,53.4072,23.5023,281.3,78,100,3.54,PL,1679772406
432,tabas,33.5959,56.9244,292.07,33,40,1.07,IR,1679772407
433,wageningen,51.9667,5.6667,284.32,87,75,5.66,NL,1679772407
434,baijiantan,45.6333,85.1833,280.56,35,0,1.88,CN,1679772408
435,richards bay,-28.783,32.0377,298.34,75,100,6.55,ZA,1679772408
436,amahai,-3.3333,128.9167,298.98,85,100,1.14,ID,1679772409
437,antofagasta,-23.65,-70.4,297.75,68,5,3.45,CL,1679772334
438,greytown,-29.0642,30.5928,291.01,81,97,1.26,ZA,1679772409
439,dunedin,-45.8742,170.5036,285.26,77,100,3.26,NZ,1679772110
440,wanaka,-44.7,169.15,281.54,94,17,0.89,NZ,1679772410
441,bozeman,45.6796,-111.0386,271.03,89,100,5.66,US,1679772410
442,syzran,53.1585,48.4681,284.09,70,80,4.63,RU,1679772411
443,vostok,46.4856,135.8833,263.22,92,28,2.12,RU,1679772411
444,constitucion,-35.3333,-72.4167,295.49,48,7,7.66,CL,1679772412
445,port lincoln,-34.7333,135.8667,290.42,79,100,5.78,AU,1679772412
446,okhotsk,59.3833,143.3,253.88,77,0,6.03,RU,1679772414
447,anadyr,64.75,177.4833,271.43,92,20,11.0,RU,1679772414
448,kashi,39.4547,75.9797,285.71,16,100,4.0,CN,1679772414
449,asyut,27.181,31.1837,294.25,47,44,9.44,EG,1679772208
450,elban,50.1018,136.5094,261.47,96,35,1.35,RU,1679772417
451,termiz,37.2242,67.2783,288.2,58,0,3.09,UZ,1679772417
452,tazovskiy,67.4667,78.7,252.51,100,99,3.71,RU,1679772418
453,antalaha,-14.9003,50.2788,297.05,91,90,2.38,MG,1679772418
454,aiquile,-18.2041,-65.1807,293.86,63,83,3.94,BO,1679772419
455,saint peters,38.8003,-90.6265,288.17,58,75,6.69,US,1679772420
456,kloulklubed,7.0419,134.2556,301.14,79,100,7.88,PW,1679772420
457,karwar,14.8,74.1333,297.19,65,100,4.07,IN,1679772420
458,along,28.1667,94.7667,288.42,95,64,0.87,IN,1679772421
459,port macquarie,-31.4333,152.9167,291.42,82,36,0.61,AU,1679772252
460,onega,63.9061,38.1404,268.59,95,96,4.58,RU,1679772422
461,mwinilunga,-11.7358,24.4293,290.37,95,24,1.42,ZM,1679772422
462,aguilas,37.4063,-1.5829,290.76,68,0,1.84,ES,1679772423
463,chumikan,54.7183,135.315,262.11,85,15,6.78,RU,1679772423
464,tautira,-17.7333,-149.15,299.95,76,93,2.45,PF,1679772424
465,cizre,37.3272,42.1903,287.71,82,75,3.6,TR,1679772424
466,port pirie,-33.1833,138.0167,294.43,40,100,2.32,AU,1679772425
467,mae sai,20.4335,99.8762,295.88,42,10,1.2,TH,1679772425
468,rodrigues alves,-7.738,-72.6509,301.26,65,58,2.12,BR,1679772426
469,jensen beach,27.2545,-80.2298,305.4,60,40,6.17,US,1679772426
470,puerto carreno,6.189,-67.4859,305.14,51,20,4.63,CO,1679772427
471,kargasok,59.0556,80.8572,275.1,92,100,5.74,RU,1679772427
472,bogorodskoye,56.55,37.8833,277.24,94,100,3.11,RU,1679772428
473,wenshang,35.7275,116.4961,279.23,46,13,1.05,CN,1679772428
474,amapa,1.0,-52.0,299.12,88,100,0.84,BR,1679772429
475,teguldet,57.3064,88.1667,273.8,96,100,5.21,RU,1679772430
476,jinchang,38.4953,102.1739,276.71,31,96,0.43,CN,1679772430
477,talaya,61.3833,152.75,235.87,92,48,0.79,RU,1679772431
478,korla,41.7597,86.1469,283.78,26,0,1.64,CN,1679772431
479,taloda,21.5667,74.2167,298.5,27,3,2.77,IN,1679772432
480,nouadhibou,20.931,-17.0347,298.14,53,0,5.14,MR,1679772432
481,arman,59.7,150.1667,248.1,80,13,3.53,RU,1679772433
482,bonavista,48.6499,-53.1147,273.54,87,89,13.15,CA,1679772434
483,te anau,-45.4167,167.7167,281.36,88,100,1.06,NZ,1679772434
484,umm lajj,25.0213,37.2685,296.2,52,0,4.5,SA,1679772142
485,hedaru,-4.5,37.9,296.88,71,100,3.17,TZ,1679772435
486,altamont,42.2068,-121.7372,274.69,62,75,3.58,US,1679772435
487,miri,4.4148,114.0089,298.23,94,40,1.54,MY,1679772436
488,atambua,-9.1061,124.8925,295.45,89,89,1.67,ID,1679772437
489,nerchinskiy zavod,51.3088,119.61,249.68,100,99,0.97,RU,1679772438
490,mahajanga,-15.7167,46.3167,301.16,78,20,2.57,MG,1679772438
491,aripuana,-9.1667,-60.6333,302.27,69,83,1.22,BR,1679772439
492,nemuro,43.3236,145.575,273.85,85,100,6.72,JP,1679772439
493,whitehorse,60.7161,-135.0538,270.38,92,75,4.63,CA,1679772440
494,bonthe,7.5264,-12.505,299.35,73,71,4.42,SL,1679772441
495,ushtobe,45.2514,77.9838,281.13,46,0,3.18,KZ,1679772442
496,port hawkesbury,45.6169,-61.3485,275.7,85,100,8.49,CA,1679772358
497,dhidhdhoo,6.8833,73.1,301.11,71,6,2.31,MV,1679772443
498,ahuimanu,21.4447,-157.8378,299.14,76,75,4.63,US,1679772443
499,ridgetown,42.4334,-81.8998,282.07,78,86,12.01,CA,1679772444
500,labuan,5.2767,115.2417,297.35,100,40,1.03,MY,1679772444
501,los llanos de aridane,28.6585,-17.9182,295.01,29,0,5.66,ES,1679772445
502,gao,16.6362,1.637,302.98,9,17,3.27,ML,1679772208
503,aklavik,68.2191,-135.0107,263.15,62,100,7.2,CA,1679772446
504,astana,51.1801,71.446,272.12,93,0,2.0,KZ,1679772207
505,barcelos,41.5388,-8.6151,288.23,95,95,4.56,PT,1679772447
506,khasan,42.4308,130.6434,274.62,75,85,1.05,RU,1679772447
507,miedzyrzec podlaski,51.9864,22.7825,282.8,79,100,3.92,PL,1679772448
508,sandwick,60.0,-1.25,275.05,69,25,4.12,GB,1679772449
509,opuwo,-18.0607,13.84,297.46,32,76,3.29,NA,1679772449
510,charters towers,-20.1,146.2667,293.37,88,0,2.7,AU,1679772450
511,aanekoski,62.6946,25.818,268.19,100,100,2.32,FI,1679772450
512,la rioja,42.25,-2.5,284.03,61,80,5.21,ES,1679772451
513,koutsouras,35.0339,25.9469,288.77,67,0,2.77,GR,1679772452
514,serenje,-13.2325,30.2352,289.41,98,32,2.05,ZM,1679772452
515,taksimo,56.3444,114.8794,258.21,87,50,1.19,RU,1679772225
516,khadyzhensk,44.4256,39.5319,283.61,93,98,1.2,RU,1679772453
517,yurgamysh,55.3714,64.4656,275.33,96,100,3.88,RU,1679772453
518,wisla,49.6563,18.8591,283.41,76,62,2.52,PL,1679772453
519,pori,61.4833,21.7833,271.19,80,20,2.57,FI,1679772455
520,giehun,7.8833,-11.05,301.76,57,60,1.29,SL,1679772455
521,buta,2.7858,24.73,294.86,93,25,1.39,CD,1679772455
522,rio grande,-32.035,-52.0986,296.21,95,100,6.63,BR,1679772456
523,shunyi,40.125,116.6453,279.12,19,0,3.0,CN,1679772457
524,norrtalje,59.758,18.705,272.05,90,100,4.1,SE,1679772210
525,tikhvin,59.6451,33.5294,274.94,89,99,4.22,RU,1679772457
526,ismailia,30.6043,32.2723,290.61,67,53,6.22,EG,1679772458
527,shimoda,34.6667,138.95,284.32,92,100,7.32,JP,1679772458
528,klyuchi,52.2667,79.1667,275.64,75,74,3.82,RU,1679772459
529,twistringen,52.8,8.65,281.36,85,87,9.26,DE,1679772459
530,voyvozh,62.892,54.9635,273.24,98,100,5.33,RU,1679772459
531,yaring,6.8662,101.3689,297.07,90,100,1.47,TH,1679772461
532,santa isabel do rio negro,-0.4139,-65.0192,303.37,63,98,1.09,BR,1679772462
533,llanes,43.4198,-4.7549,287.53,70,73,1.7,ES,1679772463
534,santa rosa,14.3122,121.1114,300.43,89,5,2.84,PH,1679772205
535,coffs harbour,-30.3,153.1333,293.22,88,100,3.6,AU,1679772464
536,goundi,9.3627,17.366,302.42,38,94,2.09,TD,1679772465
537,bose,45.4612,8.0137,289.92,47,15,5.04,IT,1679772465
538,itoman,26.1247,127.6694,292.58,96,75,6.69,JP,1679772466
539,kolokani,13.5728,-8.0339,305.23,9,1,3.04,ML,1679772466
540,alice springs,-23.7,133.8833,291.9,39,79,0.0,AU,1679772261
541,medea,36.2642,2.7539,287.71,45,65,0.52,DZ,1679772467
542,orocue,4.7912,-71.3354,309.4,26,91,3.26,CO,1679772467
543,vadlapudi,14.3167,79.8,299.85,81,90,3.41,IN,1679772468
544,celestun,20.8667,-90.4,304.26,57,2,2.61,MX,1679772468
545,marsh harbour,26.5412,-77.0636,298.31,68,0,3.78,BS,1679772469
546,bosaso,11.2842,49.1816,301.07,79,6,1.2,SO,1679772470
547,garbolovo,60.3413,30.4955,274.19,84,100,2.31,RU,1679772470
548,tilichiki,60.4667,166.1,256.79,79,100,7.47,RU,1679772471
549,gushikawa,26.3544,127.8686,292.15,97,100,3.09,JP,1679772471
550,mitsamiouli,-11.3847,43.2844,300.55,79,60,2.79,KM,1679772471
551,larsnes,62.2028,5.5773,275.38,56,0,7.57,NO,1679772472
552,axim,4.8699,-2.2405,300.45,80,100,3.45,GH,1679772472
553,broken hill,-31.95,141.4333,289.06,34,58,3.19,AU,1679772473
554,namatanai,-3.6667,152.4333,298.81,82,100,1.97,PG,1679772473
555,grindavik,63.8424,-22.4338,275.12,69,75,6.17,IS,1679772474
556,canarana,-11.6847,-41.7689,302.9,43,99,2.8,BR,1679772474
557,buraydah,26.326,43.975,298.4,36,98,1.91,SA,1679772475
558,moose factory,51.2585,-80.6094,278.15,60,0,6.69,CA,1679772475
559,fuerte olimpo,-21.0415,-57.8738,304.69,60,99,0.82,PY,1679772476
560,jaru,-10.4389,-62.4664,302.31,72,37,1.38,BR,1679772476
561,isla mujeres,21.2311,-86.731,303.24,71,0,7.65,MX,1679772477
562,hokitika,-42.7167,170.9667,287.66,82,71,5.15,NZ,1679772477
563,grand gaube,-20.0064,57.6608,299.37,77,21,1.34,MU,1679772478
564,nyagan,62.1406,65.3936,271.59,91,85,2.02,RU,1679772478
565,tadine,-21.55,167.8833,298.34,87,100,5.05,NC,1679772479
566,kenora,49.8167,-94.4337,274.69,64,75,4.12,CA,1679772479
567,soldotna,60.4878,-151.0583,270.16,63,0,3.09,US,1679772480
568,sayyan,15.1718,44.3244,290.94,50,100,1.07,YE,1679772480
569,noumea,-22.2763,166.4572,299.26,99,92,0.63,NC,1679772481
570,kemijarvi,66.7131,27.4306,256.56,99,61,1.75,FI,1679772481
571,tvoroyri,61.5556,-6.8111,275.13,64,100,10.24,FO,1679772482
572,atbasar,51.8,68.3333,274.29,90,100,3.76,KZ,1679772482
573,atikokan,48.7555,-91.6216,274.01,76,100,3.22,CA,1679772483
574,ramsar,36.9226,50.6426,284.84,87,0,0.0,IR,1679772484
575,ruhengeri,-1.4998,29.635,288.13,92,100,0.73,RW,1679772484
576,savalou,7.9281,1.9756,300.85,68,100,3.57,BJ,1679772485
